t_us,ax,ay,az,gx,gy,gz,mx,my,mz,imuTempC,baroTempC,pressPa,altM,hgx,hgy,hgz
594758518,-0.033519,0.565032,9.806650,-0.010642,0.011706,-0.001064,30.600,37.050,48.000,27.52,24.42,85460.73,1413.426,6.703765,6.703765,15.322891
594791521,-0.081403,0.517148,9.725247,-0.008514,0.008514,-0.004257,30.600,37.050,48.000,27.23,24.42,85460.65,1413.434,7.661446,5.746084,6.703765
594824518,-0.095768,0.565032,9.773131,-0.006385,0.010642,0.005321,30.600,37.050,48.000,27.61,24.42,85461.71,1413.332,10.534488,4.788404,13.407530
594858518,-0.052672,0.531513,9.797073,-0.011706,0.009578,0.007450,30.600,37.050,48.000,27.33,24.42,85461.29,1413.372,9.576807,5.746084,11.492168
594891518,-0.110133,0.545878,9.801862,-0.005321,0.010642,0.005321,30.600,37.050,48.000,27.52,24.42,85461.35,1413.367,10.534488,9.576807,16.280571
594924518,-0.143652,0.521936,9.806650,-0.004257,0.010642,0.004257,30.600,37.050,48.000,27.57,24.42,85461.20,1413.382,3.830723,1.915361,19.153614
594958521,-0.095768,0.517148,9.811439,-0.007450,0.011706,0.000000,30.600,37.050,48.000,27.37,24.42,85461.17,1413.384,6.703765,2.873042,20.111294
594991523,-0.067038,0.593762,9.825804,-0.009578,0.010642,0.005321,30.600,37.050,48.000,27.52,24.42,85461.03,1413.398,4.788404,4.788404,13.407530
595024518,-0.081403,0.560243,9.811439,-0.007450,0.007450,0.000000,30.600,37.050,48.000,27.09,24.42,85460.57,1413.441,12.449849,3.830723,19.153614
595058518,-0.105345,0.584185,9.825804,-0.010642,0.012771,0.006385,30.600,37.050,48.000,27.57,24.42,85460.41,1413.457,7.661446,3.830723,13.407530
595091521,-0.100556,0.627281,9.768343,-0.011706,0.010642,-0.001064,30.600,37.050,48.000,27.37,24.42,85459.85,1413.510,8.619126,8.619126,16.280571
595124518,-0.124498,0.584185,9.792285,-0.009578,0.012771,0.004257,30.600,37.050,48.000,27.33,24.42,85459.95,1413.500,9.576807,6.703765,16.280571
595158518,-0.057461,0.622492,9.792285,-0.012771,0.012771,0.002128,30.600,37.050,48.000,27.42,24.42,85460.29,1413.468,7.661446,5.746084,11.492168
595191518,-0.076614,0.550666,9.782708,-0.008514,0.017028,0.002128,30.600,37.050,48.000,27.57,24.42,85461.09,1413.391,13.407530,5.746084,8.619126
595224518,-0.057461,0.617704,9.806650,-0.007450,0.013835,0.005321,30.600,37.050,48.000,27.18,24.42,85460.69,1413.430,8.619126,0.957681,15.322891
595258518,-0.043096,0.569820,9.806650,-0.006385,0.011706,0.002128,30.600,37.050,48.000,27.42,24.42,85459.57,1413.537,5.746084,2.873042,9.576807
595291518,-0.095768,0.603339,9.849746,-0.008514,0.011706,0.001064,30.600,37.050,48.000,27.61,24.42,85459.22,1413.571,6.703765,6.703765,16.280571
595324518,-0.086191,0.569820,9.782708,-0.010642,0.007450,0.004257,30.600,37.050,48.000,27.04,24.42,85459.51,1413.543,8.619126,5.746084,14.365211
595358518,-0.076614,0.531513,9.806650,-0.009578,0.007450,0.004257,30.600,37.050,48.000,27.37,24.42,85459.44,1413.550,5.746084,1.915361,15.322891
595391518,-0.014365,0.526724,9.787497,-0.008514,0.010642,0.002128,30.600,37.050,48.000,27.37,24.42,85460.30,1413.467,8.619126,3.830723,13.407530
595424518,-0.052672,0.560243,9.801862,-0.012771,0.012771,0.005321,30.600,37.050,48.000,27.52,24.42,85461.23,1413.379,13.407530,8.619126,14.365211
595458523,-0.071826,0.550666,9.840169,-0.006385,0.009578,0.002128,30.600,37.050,48.000,27.33,24.42,85460.03,1413.493,10.534488,4.788404,10.534488
595491518,-0.038307,0.541090,9.849746,-0.006385,0.010642,0.001064,30.600,37.050,48.000,27.33,24.42,85460.29,1413.468,11.492168,3.830723,15.322891
595524518,-0.052672,0.555455,9.801862,-0.007450,0.008514,0.002128,30.600,37.050,48.000,27.52,24.42,85460.29,1413.468,3.830723,-0.957681,14.365211
595558518,-0.028730,0.555455,9.782708,-0.005321,0.011706,0.002128,30.600,37.050,48.000,27.04,24.42,85460.34,1413.463,3.830723,5.746084,20.111294
595591518,-0.158017,0.651223,9.811439,-0.008514,0.009578,-0.001064,30.600,37.050,48.000,27.52,24.42,85461.23,1413.379,7.661446,8.619126,15.322891
595624518,-0.239420,0.660800,9.686940,-0.009578,0.009578,0.002128,30.600,37.050,48.000,27.52,24.42,85461.19,1413.382,2.873042,2.873042,11.492168
595658518,-0.114922,0.622492,9.859323,-0.004257,0.017028,0.002128,30.600,37.050,48.000,27.23,24.42,85460.79,1413.420,12.449849,3.830723,20.111294
595706637,-0.076614,0.502782,9.979033,-0.007450,0.010642,0.000000,30.600,37.050,48.000,27.18,24.42,85460.74,1413.425,5.746084,9.576807,16.280571
595730106,-0.076614,0.517148,9.730036,-0.009578,0.017028,0.004257,30.600,37.050,48.000,27.33,24.41,85460.98,1413.403,2.873042,10.534488,14.365211
595758877,-0.023942,0.474052,9.720459,-0.008514,0.011706,0.003193,30.600,37.050,48.000,27.37,24.41,85461.10,1413.390,9.576807,3.830723,20.111294
595791518,-0.033519,0.545878,9.835381,-0.004257,0.010642,0.002128,30.600,37.050,48.000,27.52,24.41,85461.18,1413.383,3.830723,1.915361,21.068975
595824518,-0.134075,0.598550,9.888053,-0.006385,0.010642,0.003193,30.600,37.050,48.000,27.37,24.41,85461.27,1413.374,8.619126,4.788404,10.534488
595858518,-0.177171,0.584185,9.763555,-0.011706,0.007450,0.001064,30.600,37.050,48.000,27.57,24.42,85461.09,1413.392,6.703765,0.000000,17.238253
595891518,0.009577,0.517148,9.777920,-0.008514,0.013835,0.006385,30.600,37.050,48.000,27.52,24.42,85460.86,1413.414,5.746084,1.915361,10.534488
595924518,0.014365,0.574608,9.811439,-0.012771,0.007450,0.006385,30.600,37.050,48.000,27.57,24.42,85460.25,1413.472,2.873042,7.661446,11.492168
595958518,-0.090980,0.584185,9.840169,-0.010642,0.011706,0.009578,30.600,37.050,48.000,27.33,24.42,85459.79,1413.516,7.661446,2.873042,9.576807
595991522,-0.100556,0.612916,9.835381,-0.012771,0.008514,0.005321,30.600,37.050,48.000,27.52,24.42,85459.50,1413.544,13.407530,2.873042,8.619126
596024518,-0.067038,0.507571,9.835381,-0.010642,0.011706,0.000000,30.600,37.050,48.000,27.33,24.42,85459.70,1413.525,11.492168,4.788404,20.111294
596058518,-0.057461,0.469264,9.811439,-0.009578,0.012771,0.002128,30.600,37.050,48.000,27.57,24.42,85460.55,1413.443,2.873042,10.534488,21.068975
596091521,-0.090980,0.617704,9.830592,-0.010642,0.012771,0.006385,30.600,37.050,48.000,27.33,24.41,85459.34,1413.558,11.492168,1.915361,19.153614
596124518,-0.129287,0.665588,9.830592,-0.006385,0.007450,0.006385,30.600,37.050,48.000,27.57,24.42,85460.47,1413.451,9.576807,9.576807,17.238253
596158518,-0.153229,0.603339,9.773131,-0.010642,0.010642,0.005321,30.600,37.050,48.000,27.52,24.42,85459.64,1413.530,5.746084,3.830723,18.195932
596191518,-0.095768,0.541090,9.811439,-0.008514,0.014899,0.005321,30.600,37.050,48.000,27.04,24.42,85460.29,1413.468,14.365211,-0.957681,15.322891
596224518,-0.047884,0.469264,9.773131,-0.006385,0.011706,0.008514,30.600,37.050,48.000,27.52,24.41,85460.56,1413.442,9.576807,1.915361,17.238253
596258518,-0.100556,0.478840,9.868899,-0.005321,0.011706,0.001064,30.600,37.050,48.000,27.52,24.41,85460.25,1413.472,5.746084,-0.957681,6.703765
596291518,-0.225055,0.555455,9.739613,-0.008514,0.010642,0.002128,30.600,37.050,48.000,27.09,24.41,85460.11,1413.486,8.619126,5.746084,12.449849
596324518,-0.081403,0.603339,9.835381,-0.009578,0.013835,0.006385,30.600,37.050,48.000,27.37,24.41,85460.45,1413.453,2.873042,3.830723,16.280571
596358518,0.038307,0.699107,9.730036,-0.008514,0.011706,0.007450,30.600,37.050,48.000,27.37,24.41,85459.82,1413.513,4.788404,3.830723,16.280571
596391518,0.076614,0.598550,9.777920,-0.010642,0.009578,0.000000,30.600,37.050,48.000,27.37,24.41,85459.84,1413.512,12.449849,6.703765,21.068975
596424518,-0.148441,0.502782,9.825804,-0.010642,0.009578,-0.002128,30.600,37.050,48.000,27.42,24.41,85460.14,1413.483,9.576807,7.661446,16.280571
596458488,-0.181959,0.459687,9.782708,-0.002128,0.013835,0.008514,30.600,37.050,48.000,27.52,24.41,85459.91,1413.505,12.449849,2.873042,16.280571
596491518,-0.167594,0.450110,9.777920,-0.008514,0.011706,0.008514,30.600,37.050,48.000,27.18,24.41,85460.27,1413.471,9.576807,1.915361,11.492168
596524518,-0.119710,0.617704,9.739613,-0.008514,0.010642,0.009578,30.600,37.050,48.000,27.37,24.41,85460.49,1413.449,7.661446,5.746084,13.407530
596558518,-0.023942,0.622492,9.782708,-0.009578,0.018092,0.006385,30.600,37.050,48.000,27.33,24.41,85460.34,1413.463,2.873042,1.915361,15.322891
596591521,0.009577,0.565032,9.830592,-0.009578,0.008514,0.007450,30.600,37.050,48.000,27.37,24.41,85460.52,1413.446,9.576807,2.873042,14.365211
596624518,-0.110133,0.474052,9.763555,-0.007450,0.008514,0.001064,30.600,37.050,48.000,27.23,24.41,85460.52,1413.446,8.619126,2.873042,20.111294
596673122,-0.186748,0.550666,9.744401,-0.006385,0.015963,0.007450,30.600,37.050,48.000,27.33,24.41,85460.37,1413.461,10.534488,3.830723,16.280571
596696109,-0.172383,0.550666,9.801862,-0.009578,0.007450,0.007450,30.600,37.050,48.000,27.57,24.41,85459.65,1413.529,5.746084,-0.957681,11.492168
596724921,-0.052672,0.608127,9.744401,-0.004257,0.011706,0.005321,30.600,37.050,48.000,27.18,24.41,85459.46,1413.547,1.915361,-0.957681,19.153614
596806329,0.023942,0.574608,9.897630,-0.008514,0.005321,-0.001064,30.600,37.050,48.000,27.57,24.41,85459.83,1413.513,6.703765,8.619126,16.280571
596830177,-0.038307,0.493206,9.806650,-0.010642,0.008514,-0.001064,30.600,37.050,48.000,27.42,24.40,85460.65,1413.434,11.492168,4.788404,19.153614
596858894,-0.100556,0.526724,9.801862,-0.009578,0.013835,0.002128,30.600,37.050,48.000,27.52,24.39,85460.59,1413.440,7.661446,2.873042,23.942017
596887874,-0.124498,0.531513,9.911995,-0.008514,0.011706,0.007450,30.600,37.050,48.000,27.37,24.39,85461.16,1413.385,7.661446,6.703765,21.068975
596916878,-0.067038,0.574608,9.811439,-0.006385,0.007450,0.010642,30.600,37.050,48.000,27.52,24.40,85461.47,1413.356,8.619126,2.873042,22.984337
596946026,-0.067038,0.584185,9.792285,-0.010642,0.011706,0.004257,30.600,37.050,48.000,27.37,24.40,85461.63,1413.340,8.619126,-0.957681,19.153614
596975513,-0.067038,0.617704,9.849746,-0.008514,0.014899,0.007450,30.600,37.050,48.000,27.37,24.40,85461.80,1413.323,6.703765,-0.957681,7.661446
597006410,-0.052672,0.584185,9.777920,-0.011706,0.011706,0.005321,30.600,37.050,48.000,27.37,24.41,85461.45,1413.357,7.661446,-0.957681,8.619126
597035929,-0.057461,0.526724,9.811439,-0.006385,0.007450,0.002128,30.600,37.050,48.000,27.23,24.41,85461.52,1413.351,8.619126,2.873042,15.322891
597064875,-0.071826,0.617704,9.782708,-0.007450,0.007450,0.004257,30.600,37.050,48.000,27.37,24.41,85461.84,1413.320,6.703765,9.576807,17.238253
597093872,-0.100556,0.574608,9.864111,-0.007450,0.012771,0.003193,30.600,37.050,48.000,27.52,24.42,85461.50,1413.353,10.534488,11.492168,17.238253
597124518,-0.052672,0.541090,9.777920,-0.010642,0.010642,0.006385,30.600,37.050,48.000,27.37,24.42,85461.70,1413.333,9.576807,1.915361,11.492168
597158518,-0.086191,0.603339,9.715671,-0.010642,0.012771,0.002128,30.600,37.050,48.000,27.18,24.42,85461.31,1413.371,13.407530,10.534488,5.746084
597191521,-0.071826,0.574608,9.811439,-0.009578,0.007450,0.001064,30.600,37.050,48.000,27.37,24.43,85461.52,1413.351,7.661446,15.322891,16.280571
597224518,4.448427,-5.123591,20.350714,0.294790,0.192625,0.802426,30.600,37.050,48.000,27.33,24.43,85460.88,1413.412,8.619126,1.915361,7.661446
597258518,0.474052,3.189077,11.870452,0.352259,-0.037248,-0.219230,30.600,37.050,48.000,27.33,24.43,85460.54,1413.444,11.492168,0.957681,20.111294
597291518,-0.311246,3.983952,10.893618,0.388442,0.037248,-0.945032,30.600,37.050,48.000,27.52,24.43,85461.03,1413.398,-0.957681,7.661446,13.407530
597324518,0.244209,2.442086,8.959103,0.130900,-0.330974,-2.192304,30.600,37.050,48.000,27.37,24.43,85460.82,1413.417,1.915361,-0.957681,7.661446
597358518,-1.580173,-0.924162,7.704541,-0.096844,-0.247964,-0.484222,30.600,37.050,48.000,27.61,24.42,85460.60,1413.438,0.000000,10.534488,17.238253
597391518,2.801216,4.544195,8.872911,-0.674719,-0.439525,-0.642792,30.600,37.050,48.000,27.37,24.42,85460.72,1413.427,7.661446,6.703765,17.238253
597424518,-1.441309,1.326388,5.367800,-0.617251,-0.373543,-0.493800,30.600,37.050,48.000,27.52,24.42,85460.03,1413.493,8.619126,8.619126,20.111294
597458520,0.105345,5.176264,12.282255,-0.450167,-0.416112,-1.555897,30.600,37.050,48.000,27.37,24.42,85459.75,1413.520,5.746084,4.788404,20.111294
597491521,0.766145,1.637634,7.105990,-0.653434,-0.392699,-2.924491,30.600,37.050,48.000,27.57,24.42,85459.70,1413.524,8.619126,4.788404,18.195932
597524518,2.327164,-6.028600,11.233594,-0.220295,0.395892,-0.064918,30.600,37.050,48.000,27.37,24.42,85459.94,1413.502,9.576807,7.661446,13.407530
597558518,0.445322,3.414132,10.826580,0.019156,-0.031927,-0.668333,30.600,37.050,48.000,27.23,24.42,85460.55,1413.443,7.661446,11.492168,12.449849
597591518,-0.933739,1.412579,12.349293,-0.188368,0.464002,-0.943968,30.600,37.050,48.000,27.33,24.42,85461.13,1413.387,6.703765,11.492168,14.365211
597624518,-1.508347,0.119710,15.002068,-0.651306,1.216409,-1.870908,30.600,37.050,48.000,27.33,24.42,85460.70,1413.430,9.576807,5.746084,22.026655
597658518,-1.651999,-1.513135,13.565547,-0.250093,2.257221,-1.406906,30.600,37.050,48.000,27.52,24.42,85460.45,1413.454,9.576807,10.534488,11.492168
597707676,-0.837971,-1.604115,9.744401,-1.539934,2.726545,-1.703825,30.600,37.050,48.000,27.42,24.42,85460.47,1413.451,4.788404,9.576807,19.153614
597731251,-2.274492,-1.005565,9.945514,-1.006757,2.712710,-1.463310,30.600,37.050,48.000,27.33,24.42,85460.80,1413.419,9.576807,11.492168,21.068975
597760945,-3.284845,-3.093309,10.443508,-0.713031,2.746765,-0.642792,30.600,37.050,48.000,27.52,24.41,85460.83,1413.417,13.407530,9.576807,19.153614
597791518,-4.199430,-1.695095,8.714894,-0.467195,3.002179,-0.108551,30.600,37.050,48.000,27.18,24.42,85460.52,1413.446,12.449849,6.703765,16.280571
597824518,-3.936068,-1.144428,8.772355,-1.061032,2.611609,-0.591709,30.600,37.050,48.000,27.37,24.42,85460.05,1413.491,13.407530,8.619126,10.534488
597858518,-4.218584,-2.231396,8.638280,-0.966316,2.683976,-0.147927,30.600,37.050,48.000,27.23,24.42,85459.98,1413.497,13.407530,6.703765,11.492168
597891518,-5.023035,-0.541090,7.661446,-0.630021,2.638214,-0.518278,30.600,37.050,48.000,27.57,24.42,85460.56,1413.442,18.195932,8.619126,16.280571
597924518,-6.220136,-3.936068,5.770026,-0.319268,2.045441,-0.155377,30.600,37.050,48.000,27.42,24.42,85460.50,1413.448,17.238253,5.746084,18.195932
597958518,-6.105214,-4.031836,7.110779,-0.377800,1.987973,0.678976,30.600,37.050,48.000,27.57,24.42,85460.04,1413.492,13.407530,2.873042,10.534488
597991518,-6.220136,-3.869030,5.975927,0.436332,2.035863,1.464374,30.600,37.050,48.000,27.42,24.42,85458.95,1413.596,10.534488,1.915361,15.322891
598024518,-6.320693,-0.435745,7.105990,0.439525,2.740380,0.929069,30.600,37.050,48.000,27.52,24.42,85459.46,1413.547,11.492168,7.661446,9.576807
598058518,-8.403648,-1.388637,3.208230,-0.758793,2.291277,-0.078753,30.600,37.050,48.000,27.42,24.42,85459.15,1413.577,22.984337,9.576807,1.915361
598091521,-8.499416,-1.958457,3.562572,-0.764114,1.728302,0.001064,30.600,37.050,48.000,27.18,24.42,85459.12,1413.580,13.407530,-0.957681,1.915361
598124518,-8.714894,-2.576161,4.242526,-0.260735,1.885807,0.479966,30.600,37.050,48.000,27.18,24.42,85458.59,1413.630,16.280571,13.407530,12.449849
598158518,-8.240842,-0.679953,4.084508,-0.195817,2.582875,-0.024477,30.600,37.050,48.000,27.33,24.42,85458.52,1413.638,13.407530,2.873042,16.280571
598191518,-7.436390,0.110133,1.134852,-0.310754,2.574361,-0.815196,30.600,37.050,48.000,27.37,24.42,85458.14,1413.674,17.238253,2.873042,9.576807
598224518,-7.771579,-2.173935,0.828394,-0.029798,1.446282,-0.329910,30.600,37.050,48.000,27.09,24.42,85457.70,1413.715,12.449849,8.619126,2.873042
598258518,-8.078036,-2.949656,-1.077391,-0.116001,1.076996,0.230937,30.600,37.050,48.000,27.23,24.42,85457.88,1413.699,10.534488,6.703765,6.703765
598291518,-8.901642,-2.547431,-0.229843,0.335231,0.919491,0.342681,30.600,37.050,48.000,27.57,24.41,85457.80,1413.707,18.195932,6.703765,4.788404
598324522,-8.403648,-3.222595,-1.072602,0.482094,0.537434,0.489544,30.600,37.050,48.000,27.04,24.41,85458.17,1413.670,21.068975,8.619126,1.915361
598358518,-9.126697,-2.068590,-0.842759,0.332038,0.081945,0.398020,30.600,37.050,48.000,27.42,24.41,85458.02,1413.685,14.365211,8.619126,2.873042
598391518,-9.279925,-1.565808,0.756568,0.400149,0.259671,0.083010,30.600,37.050,48.000,27.61,24.41,85457.59,1413.727,15.322891,8.619126,9.576807
598424518,-9.701305,-1.398214,0.330400,0.211781,0.473580,0.136221,30.600,37.050,48.000,27.42,24.41,85457.48,1413.737,14.365211,6.703765,7.661446
598463282,-9.361329,-1.484405,0.057461,0.024477,0.489544,0.188368,30.600,37.050,48.000,27.09,24.41,85457.67,1413.718,16.280571,7.661446,2.873042
598491518,-9.485827,-1.288081,-0.794875,-0.032991,0.194753,0.259671,30.600,37.050,48.000,27.37,24.41,85457.90,1413.697,18.195932,4.788404,4.788404
598524518,-9.241618,-0.818817,-1.201889,-0.036184,-0.059597,0.087266,30.600,37.050,48.000,27.33,24.41,85458.45,1413.644,16.280571,7.661446,11.492168
598558518,-10.773908,-1.877054,0.181959,0.108551,0.087266,0.254350,30.600,37.050,48.000,27.18,24.41,85459.39,1413.554,21.068975,7.661446,1.915361
598591518,-9.366117,-1.139640,-0.885855,0.052147,0.119193,0.258607,30.600,37.050,48.000,27.42,24.41,85459.01,1413.591,14.365211,9.576807,2.873042
598639553,-9.485827,-1.441309,-0.277727,0.152184,-0.080881,0.395892,30.600,37.050,48.000,27.23,24.41,85459.45,1413.548,15.322891,7.661446,7.661446
598663127,-9.672575,-0.861913,-0.296881,0.140478,-0.092588,0.423562,30.600,37.050,48.000,27.04,24.41,85459.11,1413.581,18.195932,1.915361,10.534488
598691909,-9.184157,0.339977,0.248997,0.013835,0.039376,0.022349,30.600,37.050,48.000,27.33,24.40,85458.99,1413.592,18.195932,5.746084,0.957681
598724518,-8.676587,-0.986411,-1.144428,-0.037248,0.136221,-0.168148,30.600,37.050,48.000,27.42,24.41,85458.27,1413.662,17.238253,8.619126,3.830723
598800337,-10.022128,-0.627281,-0.119710,-0.046826,0.191561,0.081945,30.600,37.050,48.000,27.18,24.41,85458.01,1413.686,21.068975,5.746084,0.000000
598824161,-9.959879,-0.794875,-0.009577,0.083010,0.278827,0.054275,30.600,37.050,48.000,27.52,24.40,85457.76,1413.710,13.407530,8.619126,9.576807
598852898,-9.342175,-0.703895,-0.426168,0.163891,0.218166,0.020220,30.600,37.050,48.000,27.42,24.40,85458.38,1413.651,18.195932,6.703765,7.661446
598881882,-10.117896,-1.642422,0.143652,0.201139,0.159634,-0.007450,30.600,37.050,48.000,27.37,24.40,85458.59,1413.630,17.238253,3.830723,7.661446
598910883,-10.457873,-0.895431,0.258574,0.257542,0.473580,-0.061725,30.600,37.050,48.000,27.37,24.40,85459.08,1413.584,15.322891,7.661446,7.661446
598939892,-8.762778,-1.350330,-2.121263,0.199010,0.296919,-0.111744,30.600,37.050,48.000,27.37,24.40,85458.23,1413.665,19.153614,-0.957681,0.000000
598969043,-9.854534,-2.039860,-1.115698,0.039376,-0.059597,-0.134092,30.600,37.050,48.000,27.37,24.40,85458.16,1413.671,18.195932,3.830723,1.915361
599000643,-10.548853,-2.183512,-0.464475,0.116001,-0.080881,0.124514,30.600,37.050,48.000,27.37,24.41,85457.74,1413.712,16.280571,1.915361,1.915361
599029940,-10.280702,-1.288081,-0.957681,0.101101,-0.053211,0.212845,30.600,37.050,48.000,27.76,24.41,85458.13,1413.675,14.365211,9.576807,0.000000
599058892,-9.945514,-1.268927,-1.278504,0.019156,-0.179854,0.161762,30.600,37.050,48.000,27.37,24.42,85457.81,1413.705,15.322891,2.873042,0.000000
599091518,-9.471462,0.186748,-0.900220,0.282020,-0.681104,0.131964,30.600,37.050,48.000,27.23,24.42,85458.15,1413.673,14.365211,8.619126,11.492168
599124518,-9.035717,0.023942,-0.881066,0.464002,-0.960995,0.103230,30.600,37.050,48.000,27.52,24.42,85458.57,1413.633,17.238253,4.788404,7.661446
599158518,-7.752425,-0.900220,-1.273715,0.826903,-2.078432,-0.065982,30.600,37.050,48.000,27.37,24.43,85458.88,1413.603,15.322891,3.830723,7.661446
599191518,-7.254431,0.234632,-1.086968,0.881178,-2.749958,0.094716,30.600,37.050,48.000,26.99,24.43,85458.64,1413.626,16.280571,9.576807,3.830723
599224518,-11.190498,-3.691859,2.001553,1.109987,-2.936197,0.403341,30.600,37.050,48.000,27.52,24.43,85458.95,1413.596,16.280571,7.661446,5.746084
599258518,-7.134721,-1.374272,0.986411,0.517213,-2.656306,0.435268,30.600,37.050,48.000,27.52,24.43,85459.44,1413.550,15.322891,5.746084,11.492168
599291518,-5.837064,0.814029,4.213795,0.304368,-3.069226,0.766242,30.600,37.050,48.000,27.18,24.43,85459.72,1413.523,17.238253,1.915361,11.492168
599324518,-9.332599,-1.335965,5.272032,0.349066,-2.024156,0.241579,30.600,37.050,48.000,27.52,24.43,85459.90,1413.505,17.238253,1.915361,12.449849
599358518,-8.054094,-2.073379,3.457227,0.390571,-2.546691,0.185175,30.600,37.050,48.000,27.37,24.43,85459.86,1413.510,10.534488,0.957681,15.322891
599391518,-5.904101,2.691083,5.951985,0.257542,-2.819133,-0.292662,30.600,37.050,48.000,27.23,24.43,85459.73,1413.521,18.195932,3.830723,10.534488
599424518,-7.536947,-1.503559,6.933608,0.317139,-2.231680,-0.044697,30.600,37.050,48.000,27.37,24.42,85459.30,1413.563,11.492168,6.703765,15.322891
599460587,-6.919243,0.052672,7.374141,0.196882,-2.491351,-0.193689,30.600,37.050,48.000,27.42,24.42,85459.36,1413.557,16.280571,6.703765,15.322891
599491518,-6.019023,-0.196325,8.264784,0.012771,-2.702068,-0.121322,30.600,37.050,48.000,27.42,24.42,85459.38,1413.555,9.576807,1.915361,12.449849
599524518,-5.712565,0.258574,8.288726,0.469323,-2.920234,-0.011706,30.600,37.050,48.000,27.23,24.42,85458.86,1413.604,12.449849,12.449849,17.238253
599558518,-3.758897,0.119710,8.734048,0.831160,-2.847867,0.338424,30.600,37.050,48.000,27.42,24.42,85459.49,1413.544,13.407530,5.746084,15.322891
599591521,-3.409343,0.612916,10.352529,0.644920,-2.913848,0.404406,30.600,37.050,48.000,27.52,24.42,85460.22,1413.475,17.238253,1.915361,11.492168
599624518,-2.710236,1.867477,12.167333,0.046826,-1.486723,-0.135157,30.600,37.050,48.000,27.23,24.42,85460.02,1413.494,12.449849,8.619126,13.407530
599658518,-2.049437,0.651223,9.715671,-0.050019,-1.134464,-0.297983,30.600,37.050,48.000,27.37,24.43,85460.18,1413.479,5.746084,0.957681,9.576807
599706567,-1.982399,0.344765,9.940725,-0.126643,-0.840738,-0.204331,30.600,37.050,48.000,27.42,24.42,85460.59,1413.440,7.661446,4.788404,26.815060
599730134,-1.666364,0.670376,10.175357,-0.057468,-0.647049,-0.117065,30.600,37.050,48.000,27.52,24.42,85461.75,1413.329,13.407530,2.873042,19.153614
599758898,-1.661576,0.502782,10.314221,-0.152184,-0.437397,-0.213909,30.600,37.050,48.000,27.52,24.42,85461.91,1413.313,8.619126,9.576807,13.407530
599791518,-1.532289,0.033519,10.122684,-0.122386,-0.282020,-0.192625,30.600,37.050,48.000,27.37,24.42,85461.72,1413.332,7.661446,8.619126,7.661446
599824518,-1.144428,0.167594,9.629479,-0.461874,-0.264992,-0.246900,30.600,37.050,48.000,27.18,24.43,85461.61,1413.342,7.661446,10.534488,15.322891
599858518,-1.197101,-0.344765,10.070012,-0.250093,-0.137285,-0.036184,30.600,37.050,48.000,27.52,24.43,85461.88,1413.316,14.365211,10.534488,16.280571
599891518,-1.211466,0.129287,9.945514,-0.287341,-0.026606,0.057468,30.600,37.050,48.000,27.37,24.43,85461.33,1413.369,7.661446,4.788404,16.280571
599924518,-1.264138,0.143652,10.223241,-0.388442,0.080881,-0.073432,30.600,37.050,48.000,27.37,24.43,85461.03,1413.398,9.576807,4.788404,17.238253
599960478,-1.278504,0.062249,10.165780,-0.088331,0.019156,0.012771,30.600,37.050,48.000,27.42,24.43,85461.02,1413.398,11.492168,5.746084,22.026655
599991518,-1.321599,-0.081403,10.151415,-0.138349,-0.014899,0.051083,30.600,37.050,48.000,27.52,24.43,85460.94,1413.406,10.534488,8.619126,12.449849
600024518,-1.364695,-0.316035,10.275913,-0.244772,0.089395,-0.009578,30.600,37.050,48.000,27.33,24.43,85461.55,1413.348,9.576807,8.619126,6.703765
600058518,-1.043872,-0.134075,9.854534,-0.107487,0.000000,0.015963,30.600,37.050,48.000,27.37,24.43,85461.76,1413.328,9.576807,6.703765,11.492168
600091518,-1.412579,-0.440533,9.993398,-0.084074,0.067046,-0.001064,30.600,37.050,48.000,27.52,24.43,85460.83,1413.417,8.619126,5.746084,12.449849
600124518,-1.063026,-0.325611,9.667787,-0.080881,0.006385,0.168148,30.600,37.050,48.000,27.57,24.43,85461.03,1413.398,9.576807,2.873042,14.365211
600158518,-1.134852,0.689530,9.940725,-0.130900,-0.023413,0.068110,30.600,37.050,48.000,27.09,24.43,85460.81,1413.418,2.873042,3.830723,19.153614
600191518,-1.316811,-0.392649,9.983821,-0.250093,0.120257,-0.130900,30.600,37.050,48.000,27.37,24.43,85461.23,1413.379,6.703765,4.788404,13.407530
600224518,-1.240196,-0.277727,9.643845,-0.042569,0.117065,-0.075560,30.600,37.050,48.000,27.37,24.43,85461.85,1413.319,9.576807,6.703765,13.407530
600257518,-1.374272,-0.124498,9.615114,0.170276,0.024477,-0.161762,30.600,37.050,48.000,27.23,24.43,85461.34,1413.368,5.746084,6.703765,5.746084
600291520,-1.273715,-0.378284,9.289502,0.147927,-0.068110,-0.216038,30.600,37.050,48.000,27.37,24.43,85460.50,1413.448,12.449849,10.534488,13.407530
600324518,-1.173159,-0.359130,9.844957,0.438461,-0.141542,-0.140478,30.600,37.050,48.000,27.37,24.43,85461.13,1413.387,5.746084,6.703765,16.280571
600357518,-1.403002,-0.258574,9.878476,0.691746,-0.211781,-0.051083,30.600,37.050,48.000,27.18,24.43,85461.61,1413.342,16.280571,4.788404,15.322891
600391518,-1.302446,0.000000,9.677363,1.963495,-0.365029,0.239451,30.600,37.050,48.000,27.52,24.44,85461.49,1413.353,8.619126,8.619126,16.280571
600424518,-1.115698,1.221043,9.667787,3.321447,-0.694939,0.328846,30.600,37.050,48.000,27.42,24.44,85462.08,1413.297,9.576807,-0.957681,21.068975
600460603,-0.656011,2.044648,9.624691,4.815619,-1.040812,0.777949,30.600,37.050,48.000,27.42,24.44,85462.15,1413.291,6.703765,-0.957681,10.534488
600491521,-1.149217,2.911349,10.256760,4.255836,-0.734315,0.806683,30.600,37.050,48.000,27.52,24.44,85461.56,1413.347,5.746084,2.873042,12.449849
600524518,-0.335188,5.568913,8.121132,2.456232,-0.015963,-0.542755,30.600,37.050,48.000,27.23,24.44,85462.13,1413.292,10.534488,0.000000,9.576807
600557518,-0.474052,6.660669,6.363788,3.527906,-0.422497,-1.317511,30.600,37.050,48.000,27.23,24.44,85462.46,1413.260,8.619126,-3.830723,4.788404
600591518,0.421380,6.521805,8.532935,2.181662,-0.177726,-0.639599,30.600,37.050,48.000,27.18,24.44,85462.73,1413.235,7.661446,2.873042,9.576807
600640565,0.354342,8.681376,5.559336,0.791784,0.112808,-0.932261,30.600,37.050,48.000,27.23,24.44,85462.94,1413.215,9.576807,-2.873042,10.534488
600664112,-1.632846,5.238513,8.997410,0.774756,0.192625,-0.824775,30.600,37.050,48.000,27.23,24.44,85462.63,1413.244,7.661446,-1.915361,16.280571
600692883,-0.359130,5.214571,4.836287,1.774063,-0.415048,-0.943968,30.600,37.050,48.000,27.37,24.44,85462.71,1413.237,5.746084,-3.830723,18.195932
600724518,-0.459687,7.742848,6.904878,0.978023,-0.382057,-0.569360,30.600,37.050,48.000,27.33,24.44,85462.63,1413.245,9.576807,1.915361,19.153614
600799548,-1.757344,8.628703,6.866570,1.332410,-0.509764,-0.478901,30.600,37.050,48.000,27.52,24.44,85463.31,1413.180,-0.957681,1.915361,17.238253
600823189,-1.632846,7.302315,4.841076,1.653806,-0.557654,-0.458681,30.600,37.050,48.000,27.33,24.43,85463.17,1413.193,8.619126,-0.957681,11.492168
600851904,-1.522712,8.145074,5.343858,2.048634,-0.645985,-0.153248,30.600,37.050,48.000,27.37,24.43,85462.56,1413.251,10.534488,-0.957681,12.449849
600880897,-1.493982,9.188946,3.629610,1.602723,-0.270313,-0.356515,30.600,37.050,48.000,27.33,24.43,85462.53,1413.254,6.703765,-2.873042,12.449849
600909895,-1.403002,8.125920,3.327940,0.934390,-0.143670,-0.255414,30.600,37.050,48.000,27.52,24.43,85462.63,1413.244,11.492168,-0.957681,7.661446
600938902,-1.149217,8.743625,3.303998,0.273506,-0.050019,-0.297983,30.600,37.050,48.000,27.33,24.43,85463.48,1413.164,10.534488,-0.957681,7.661446
600967990,-0.665588,8.446744,3.351882,0.969509,-0.217102,0.010642,30.600,37.050,48.000,27.37,24.44,85463.56,1413.156,17.238253,-0.957681,5.746084
600999457,-0.804452,8.441956,3.102885,1.388814,-0.496993,-0.197946,30.600,37.050,48.000,27.37,24.44,85462.80,1413.228,12.449849,1.915361,15.322891
601028942,-1.120486,8.997410,3.179500,1.532484,-0.552333,-0.087266,30.600,37.050,48.000,27.23,24.44,85462.98,1413.211,10.534488,-0.957681,4.788404
601057902,-1.355118,8.805874,1.805228,1.878357,-0.573617,0.297983,30.600,37.050,48.000,27.33,24.45,85462.53,1413.254,7.661446,-0.957681,12.449849
601091518,-1.584962,8.346188,1.776498,0.702389,-0.382057,0.666205,30.600,37.050,48.000,27.52,24.45,85462.36,1413.270,8.619126,-6.703765,8.619126
601124518,-0.430956,9.629479,2.451663,1.216409,0.013835,0.743893,30.600,37.050,48.000,27.23,24.45,85462.17,1413.289,9.576807,-0.957681,5.746084
601157518,-0.713472,9.490616,3.232172,1.122758,-0.131964,0.456553,30.600,37.050,48.000,27.23,24.46,85462.66,1413.242,11.492168,-1.915361,0.000000
601191524,-0.603339,10.012551,1.886631,1.389878,0.001064,0.321396,30.600,37.050,48.000,27.33,24.45,85462.17,1413.289,6.703765,-0.957681,8.619126
601224518,-0.579397,8.925584,0.684742,0.561911,0.170276,0.047890,30.600,37.050,48.000,27.37,24.45,85460.83,1413.417,7.661446,-2.873042,8.619126
601257518,-0.392649,10.448297,0.095768,0.234130,0.391635,0.153248,30.600,37.050,48.000,27.37,24.45,85460.81,1413.418,11.492168,-2.873042,8.619126
601291518,-0.478840,9.303867,-0.277727,-0.089395,0.425690,0.390571,30.600,37.050,48.000,27.33,24.45,85460.32,1413.465,8.619126,-0.957681,6.703765
601324518,-0.052672,9.916783,-0.062249,0.063854,0.385250,0.407598,30.600,37.050,48.000,27.23,24.45,85461.44,1413.359,5.746084,-7.661446,3.830723
601357518,0.450110,10.505757,-2.360683,0.073432,0.282020,0.072367,30.600,37.050,48.000,27.52,24.45,85462.12,1413.294,6.703765,1.915361,3.830723
601391518,0.617704,10.663774,-2.533065,-0.146863,-0.041505,-0.155377,30.600,37.050,48.000,27.33,24.44,85461.34,1413.367,8.619126,-2.873042,16.280571
601424518,-0.301669,9.821015,-0.339977,-0.312882,-0.001064,-0.236258,30.600,37.050,48.000,27.42,24.44,85461.34,1413.367,9.576807,-2.873042,11.492168
601460451,-0.158017,9.394848,-0.277727,0.031927,0.012771,-0.045762,30.600,37.050,48.000,27.23,24.44,85460.94,1413.406,9.576807,-1.915361,11.492168
601491518,-0.383072,9.131485,1.230620,-0.615122,0.079817,-0.017028,30.600,37.050,48.000,27.18,24.44,85461.67,1413.336,8.619126,-7.661446,0.000000
601524518,-0.569820,9.572019,1.561020,-1.205767,0.409727,-0.088331,30.600,37.050,48.000,27.52,24.44,85461.62,1413.342,7.661446,-1.915361,0.000000
601557518,-0.201113,10.611102,-0.574608,-1.092959,0.663012,-0.181983,30.600,37.050,48.000,27.57,24.44,85460.80,1413.420,11.492168,-5.746084,5.746084
601591518,-0.488417,10.074800,0.387861,-1.132336,0.526791,-0.186239,30.600,37.050,48.000,27.57,24.44,85461.15,1413.386,10.534488,-5.746084,5.746084
601624518,-0.196325,10.649409,2.873042,-0.673654,0.812004,-0.421433,30.600,37.050,48.000,27.37,24.44,85461.16,1413.385,2.873042,-1.915361,11.492168
601657518,-0.584185,10.333375,2.485181,-0.173469,0.357580,-0.432075,30.600,37.050,48.000,27.04,24.44,85461.59,1413.345,5.746084,-0.957681,8.619126
601706079,-1.489193,12.559982,4.855441,-1.359015,0.768371,-0.586388,30.600,37.050,48.000,27.23,24.44,85461.55,1413.348,4.788404,-1.915361,6.703765
601729132,-0.746991,8.604761,1.728614,-0.827967,0.914169,-0.258607,30.600,37.050,48.000,27.18,24.44,85461.42,1413.360,10.534488,-0.957681,0.957681
601757895,-1.082179,7.149086,2.983175,-1.308997,1.104666,0.129835,30.600,37.050,48.000,27.52,24.44,85461.55,1413.348,11.492168,1.915361,16.280571
601791518,-2.322376,10.299856,5.272032,-2.962803,1.382429,-0.834352,30.600,37.050,48.000,27.42,24.44,85461.28,1413.374,9.576807,-1.915361,4.788404
601824518,-1.450886,8.456321,1.403002,-3.694990,1.838981,-0.517213,30.600,37.050,48.000,27.37,24.44,85462.01,1413.304,7.661446,-0.957681,3.830723
601857518,-0.225055,8.020576,1.991976,-0.954610,2.290213,0.674719,30.600,37.050,48.000,27.33,24.44,85462.05,1413.300,7.661446,2.873042,8.619126
601891518,-2.489970,6.785168,8.523358,-2.292341,2.130579,-0.654498,30.600,37.050,48.000,27.57,24.44,85462.08,1413.297,15.322891,-2.873042,7.661446
601924518,-3.088520,11.276690,6.402095,-2.588196,2.434947,-0.872665,30.600,37.050,48.000,27.52,24.44,85462.48,1413.259,11.492168,-5.746084,15.322891
601964194,-0.828394,6.909666,4.520253,-2.178469,3.091574,0.010642,30.600,37.050,48.000,27.52,24.44,85462.95,1413.214,10.534488,1.915361,9.576807
601991521,-3.050213,5.286397,6.737284,-1.952853,3.157556,0.320332,30.600,37.050,48.000,27.52,24.44,85463.41,1413.169,12.449849,5.746084,15.322891
602024518,-6.512228,4.927267,10.347740,-1.049326,2.724416,0.029798,30.600,37.050,48.000,27.52,24.44,85462.84,1413.224,16.280571,-0.957681,9.576807
602057518,-4.774038,6.234501,10.275913,-1.648485,4.627251,0.230937,30.600,37.050,48.000,27.42,24.44,85462.70,1413.238,10.534488,-2.873042,16.280571
602091518,-3.078943,5.674258,0.488417,-2.078432,3.528971,-0.089395,30.600,37.050,48.000,27.37,24.44,85462.86,1413.222,12.449849,1.915361,9.576807
602124518,-4.888960,9.145850,4.247314,-2.357259,3.086253,-1.701696,30.600,37.050,48.000,27.42,24.44,85462.13,1413.292,19.153614,-0.957681,5.746084
602157518,-7.048530,5.137957,4.491522,-2.912784,2.760600,-2.874472,30.600,37.050,48.000,27.33,24.44,85461.17,1413.384,18.195932,4.788404,7.661446
602191518,-7.675811,6.181829,2.820370,-2.948968,2.654178,-3.268235,30.600,37.050,48.000,27.18,24.44,85461.08,1413.393,20.111294,-1.915361,4.788404
602224518,-7.426814,6.291962,3.758897,-3.058583,2.217845,-3.417227,30.600,37.050,48.000,27.52,24.44,85461.35,1413.367,16.280571,2.873042,15.322891
602257518,-7.642292,5.137957,5.549759,-3.267171,2.569040,-5.425420,30.600,37.050,48.000,27.57,24.44,85461.93,1413.311,13.407530,-0.957681,8.619126
602291518,-4.424485,-2.015918,-3.418920,-2.860637,1.927312,-5.615916,30.600,37.050,48.000,27.23,24.44,85460.97,1413.404,14.365211,2.873042,4.788404
602324518,-5.080496,-5.281609,-1.905785,-2.002872,0.087266,-4.097267,30.600,37.050,48.000,27.37,24.44,85460.48,1413.449,14.365211,10.534488,3.830723
602357518,-6.229713,-5.650316,0.263362,-0.162826,-0.824775,-2.854252,30.600,37.050,48.000,27.23,24.44,85461.05,1413.396,19.153614,16.280571,9.576807
602391518,-6.258443,-6.962338,-1.063026,-0.354387,-1.949661,-4.163249,30.600,37.050,48.000,27.23,24.44,85461.34,1413.368,15.322891,13.407530,5.746084
602424518,-5.185841,-7.455544,2.968810,0.496993,-2.555204,-3.635393,30.600,37.050,48.000,27.42,24.44,85461.63,1413.340,15.322891,13.407530,6.703765
602461836,-3.883395,-6.301539,2.935291,0.821582,-3.242694,-3.147978,30.600,37.050,48.000,27.37,24.44,85461.39,1413.363,10.534488,15.322891,3.830723
602491518,-1.446098,-6.646304,3.021482,0.672590,-2.807426,-2.907463,30.600,37.050,48.000,27.23,24.44,85461.32,1413.370,3.830723,16.280571,9.576807
602524518,-0.052672,-13.426683,4.831499,1.173840,-3.518328,-2.885114,30.600,37.050,48.000,27.33,24.44,85461.13,1413.387,7.661446,18.195932,16.280571
602557518,-0.742203,-11.607090,7.417237,1.684668,-3.754586,-1.900706,30.600,37.050,48.000,27.52,24.44,85461.37,1413.366,14.365211,17.238253,12.449849
602591521,-0.646434,-11.520899,7.824251,1.928376,-3.419356,-1.216409,30.600,37.050,48.000,27.04,24.44,85461.52,1413.351,13.407530,12.449849,11.492168
602665666,-1.187524,-4.730943,11.046846,3.940826,-1.952853,-0.256478,30.600,37.050,48.000,27.52,24.44,85462.38,1413.268,10.534488,8.619126,9.576807
602689213,0.239420,-7.603985,8.336611,5.434998,-1.545255,0.308625,30.600,37.050,48.000,27.52,24.44,85462.54,1413.254,9.576807,9.576807,16.280571
602718884,-0.181959,-9.390059,8.872911,7.225024,-1.269621,2.153992,30.600,37.050,48.000,27.42,24.43,85462.40,1413.267,0.957681,3.830723,11.492168
602747912,3.610456,3.280056,10.022128,6.360874,-0.880114,2.837224,30.600,37.050,48.000,27.37,24.43,85462.55,1413.252,4.788404,4.788404,18.195932
602914286,2.997540,5.597643,12.923901,4.782628,1.476080,1.249400,30.600,37.050,48.000,27.37,24.43,85463.38,1413.172,3.830723,-6.703765,11.492168
602938159,4.635174,5.434838,7.474698,4.957160,1.578246,2.023092,30.600,37.050,48.000,27.52,24.41,85463.22,1413.188,5.746084,-0.957681,15.322891
602966947,4.280833,9.701305,9.217676,3.790770,1.445218,1.272813,30.600,37.050,48.000,27.37,24.40,85463.38,1413.172,7.661446,-0.957681,19.153614
602998395,1.924938,10.749966,11.482592,3.995101,2.264671,0.278827,30.600,37.050,48.000,27.18,24.40,85463.68,1413.145,6.703765,-1.915361,13.407530
603027920,3.576937,3.021482,3.308787,3.192676,2.254029,0.368222,30.600,37.050,48.000,27.37,24.40,85463.44,1413.167,7.661446,-1.915361,8.619126
603056872,3.481169,8.068460,1.886631,1.620815,2.084817,0.489544,30.600,37.050,48.000,27.37,24.40,85463.44,1413.167,5.746084,-0.957681,3.830723
603085870,3.093309,9.801862,6.133945,0.893949,2.723352,0.119193,30.600,37.050,48.000,27.23,24.40,85463.05,1413.204,10.534488,-2.873042,15.322891
603114873,3.845088,12.181698,5.209783,-0.036184,3.705632,-1.428190,30.600,37.050,48.000,27.37,24.41,85462.49,1413.258,2.873042,-0.957681,12.449849
603143883,3.222595,11.492168,2.662352,-0.376736,3.429998,-2.335974,30.600,37.050,48.000,27.42,24.42,85462.13,1413.292,12.449849,-0.957681,6.703765
603172893,2.647987,8.839393,-0.119710,-1.514392,3.001115,-3.136272,30.600,37.050,48.000,27.23,24.42,85461.87,1413.318,3.830723,2.873042,8.619126
603201913,1.541866,6.698977,0.976834,-1.588888,2.547755,-2.795720,30.600,37.050,48.000,27.33,24.43,85461.45,1413.358,8.619126,-3.830723,13.407530
603230892,-2.102109,8.456321,5.090073,-2.587131,3.027721,-2.396635,30.600,37.050,48.000,27.23,24.43,85461.60,1413.343,12.449849,1.915361,11.492168
603259910,-1.661576,9.380483,4.443638,-1.618686,2.429626,-3.582182,30.600,37.050,48.000,27.52,24.44,85461.68,1413.335,11.492168,-0.957681,13.407530
603288892,-2.662352,8.384495,5.525817,-2.340231,2.989408,-4.425048,30.600,37.050,48.000,27.42,24.44,85461.55,1413.348,10.534488,-1.915361,13.407530
603317894,-3.581726,5.286397,2.949656,-1.734687,2.691426,-4.001487,30.600,37.050,48.000,27.52,24.44,85461.95,1413.310,13.407530,-1.915361,7.661446
603346893,-5.621585,5.453991,5.564125,-2.531792,3.154363,-3.758843,30.600,37.050,48.000,27.42,24.45,85461.48,1413.355,11.492168,5.746084,0.957681
603375898,-3.112462,3.912126,-1.182736,-2.950032,3.472567,-4.437819,30.600,37.050,48.000,27.52,24.45,85461.38,1413.364,17.238253,3.830723,2.873042
603404893,-4.802769,4.716578,-1.853112,-2.900013,2.118872,-5.240244,30.600,37.050,48.000,27.37,24.45,85460.45,1413.453,13.407530,5.746084,11.492168
603433894,-3.763685,2.231396,-2.729390,-4.822004,1.702760,-7.409136,30.600,37.050,48.000,27.23,24.45,85460.81,1413.418,17.238253,6.703765,5.746084
603462981,-6.612785,-7.733272,-1.182736,-3.805669,-0.147927,-5.695733,30.600,37.050,48.000,27.57,24.45,85459.70,1413.524,17.238253,12.449849,8.619126
603494376,-5.942409,-7.091625,-3.500323,-3.484273,-1.288777,-4.790078,30.600,37.050,48.000,27.18,24.46,85459.63,1413.532,8.619126,9.576807,6.703765
603523927,-3.529053,-6.852205,-0.847547,-2.134836,-2.674398,-3.583246,30.600,37.050,48.000,27.37,24.46,85459.42,1413.551,7.661446,2.873042,9.576807
603552998,-3.481169,-1.661576,4.754885,-0.127707,-3.101152,-3.487466,30.600,37.050,48.000,27.23,24.46,85459.34,1413.559,13.407530,14.365211,17.238253
603582133,-3.936068,-8.916007,5.300763,0.119193,-2.536049,-4.195176,30.600,37.050,48.000,27.37,24.46,85460.48,1413.450,8.619126,13.407530,9.576807
603610904,1.283292,-12.057199,-0.809240,0.113872,-3.745008,-4.230295,30.600,37.050,48.000,27.37,24.46,85460.39,1413.459,9.576807,16.280571,20.111294
603639915,1.714248,-9.323022,5.061342,1.616558,-4.713453,-2.566911,30.600,37.050,48.000,27.37,24.46,85460.88,1413.412,13.407530,23.942017,17.238253
603668884,-5.899313,-13.828909,12.612655,2.453039,-3.583246,-1.462245,30.600,37.050,48.000,27.33,24.46,85461.63,1413.340,12.449849,20.111294,9.576807
603697923,-1.379060,-11.171345,7.805098,1.118501,-2.789334,-1.187675,30.600,37.050,48.000,27.33,24.47,85461.36,1413.366,8.619126,10.534488,12.449849
603753103,-0.799663,-2.624045,13.536817,5.376466,-2.975574,0.102166,30.600,37.050,48.000,27.37,24.47,85460.85,1413.415,6.703765,8.619126,12.449849
603776134,1.297657,-3.342306,11.947066,6.186341,-2.892564,0.334167,30.600,37.050,48.000,27.37,24.46,85461.71,1413.332,10.534488,4.788404,16.280571
603804879,1.086968,-0.837971,13.292608,7.419778,-3.379979,0.384185,30.600,37.050,48.000,27.33,24.46,85461.81,1413.323,4.788404,7.661446,19.153614
603833875,0.014365,-3.122039,15.174450,7.957211,-2.585003,0.408662,30.600,37.050,48.000,27.52,24.46,85462.22,1413.284,6.703765,3.830723,9.576807
603862877,-0.076614,-3.428497,14.877569,8.625546,-1.911348,1.374979,30.600,37.050,48.000,27.33,24.46,85462.34,1413.272,11.492168,8.619126,17.238253
603891886,2.676718,2.264915,15.442601,7.229282,-0.856701,1.343052,30.600,37.050,48.000,27.23,24.46,85462.07,1413.298,4.788404,-2.873042,19.153614
603920883,1.714248,0.713472,11.080365,5.530778,0.392699,0.850316,30.600,37.050,48.000,27.37,24.46,85462.58,1413.250,4.788404,3.830723,16.280571
603949851,2.710236,0.138864,8.944737,6.711004,1.044005,1.866651,30.600,37.050,48.000,27.33,24.46,85462.70,1413.239,-0.957681,-0.957681,17.238253
603978981,3.179500,8.576031,12.349293,6.931299,2.147606,1.201510,30.600,37.050,48.000,27.37,24.47,85463.02,1413.208,1.915361,-6.703765,17.238253
604010292,5.880159,9.232041,10.874464,6.363002,3.499172,1.057840,30.600,37.050,48.000,27.37,24.47,85462.91,1413.218,3.830723,5.746084,7.661446
604039887,5.094861,1.632846,4.276044,3.127758,4.411213,0.879050,30.600,37.050,48.000,27.09,24.47,85462.68,1413.240,2.873042,-0.957681,3.830723
604068873,7.589619,6.818686,-1.312023,3.087317,3.591760,0.609801,30.600,37.050,48.000,27.37,24.47,85463.13,1413.198,1.915361,-0.957681,11.492168
604097875,4.855441,12.469003,4.898537,1.946468,3.964239,-2.189111,30.600,37.050,48.000,27.37,24.47,85463.31,1413.180,-0.957681,-3.830723,9.576807
604126882,7.072472,12.713211,5.439626,-0.280955,4.468681,-2.665884,30.600,37.050,48.000,27.18,24.47,85463.02,1413.208,3.830723,-0.957681,5.746084
604157518,5.990293,11.707646,-2.652776,-2.105037,4.462296,-3.706696,30.600,37.050,48.000,27.42,24.47,85462.77,1413.231,11.492168,-3.830723,13.407530
604191518,0.234632,7.053318,6.397307,-2.935133,4.583618,-3.972753,30.600,37.050,48.000,27.23,24.47,85461.73,1413.331,7.661446,4.788404,10.534488
604224518,1.987187,11.616667,0.014365,-3.029849,4.003615,-4.442076,30.600,37.050,48.000,27.33,24.47,85461.84,1413.321,8.619126,-1.915361,1.915361
604257518,-0.617704,11.540052,0.837971,-4.141964,3.186290,-6.205497,30.600,37.050,48.000,27.57,24.47,85461.02,1413.398,11.492168,-1.915361,10.534488
604291518,-2.513912,11.463438,5.272032,-4.616609,3.384236,-8.216883,30.600,37.050,48.000,27.61,24.47,85461.25,1413.376,13.407530,0.957681,15.322891
604324518,-3.213019,5.238513,4.434062,-4.828390,3.998294,-8.753252,30.600,37.050,48.000,27.23,24.46,85460.83,1413.417,10.534488,4.788404,5.746084
604357518,0.023942,2.140416,-4.137180,-4.535728,2.675462,-8.428663,30.600,37.050,48.000,27.52,24.46,85461.27,1413.374,13.407530,9.576807,3.830723
604391518,-0.502782,-7.426814,-8.188169,-5.125309,0.898206,-7.803963,30.600,37.050,48.000,27.42,24.46,85460.03,1413.493,11.492168,10.534488,6.703765
604424518,-4.730943,-13.378799,0.100556,-2.957482,-0.965252,-5.108281,30.600,37.050,48.000,27.23,24.45,85460.63,1413.435,13.407530,14.365211,7.661446
604457518,-5.434838,-10.266336,1.053449,-1.416484,-1.993294,-3.638586,30.600,37.050,48.000,27.52,24.45,85459.95,1413.500,0.957681,13.407530,5.746084
604491523,0.550666,-4.156334,-0.991199,-0.229873,-3.009629,-3.666256,30.600,37.050,48.000,27.37,24.45,85459.40,1413.553,4.788404,14.365211,11.492168
604524518,1.872266,-10.352529,3.394978,1.273878,-4.438883,-3.060712,30.600,37.050,48.000,27.37,24.45,85459.45,1413.548,6.703765,16.280571,12.449849
604557518,-1.225831,-15.236700,8.408437,3.071354,-5.214703,-1.485658,30.600,37.050,48.000,27.37,24.45,85459.41,1413.552,8.619126,14.365211,14.365211
604591518,-2.149993,-3.251326,12.832921,6.667371,-5.135951,0.853509,30.600,37.050,48.000,27.52,24.45,85459.81,1413.514,10.534488,6.703765,17.238253
604641210,-1.829170,-5.348647,12.018892,8.231782,-3.933376,1.304740,30.600,37.050,48.000,27.23,24.44,85460.54,1413.444,9.576807,16.280571,15.322891
604665135,-4.941632,-10.764331,13.589489,7.965725,-3.438512,1.475016,30.600,37.050,48.000,27.09,24.44,85460.78,1413.422,14.365211,15.322891,13.407530
604693937,-5.698200,-10.749966,15.686810,4.977381,-0.926940,2.465810,30.600,37.050,48.000,27.37,24.44,85462.42,1413.265,8.619126,12.449849,11.492168
604724518,0.311246,0.215478,9.706094,2.814876,0.914169,1.150427,30.600,37.050,48.000,27.52,24.44,85462.94,1413.215,3.830723,4.788404,7.661446
